MAE,RMSE,R²
0.14585782828350868,0.2237414933724444,0.9498276297910222
