Feature,Importance
Customers,1.4457757150616952
Store,0.12246793266355768
Promo,0.05675547346688686
Open,0.023704115855429964
DayOfWeek,0.021778588950515754
Month,0.013362070869847453
Day,0.0077578285332418504
Year,0.005574101348233551
SchoolHoliday,0.0015717268379603743
StateHoliday_a,0.0003891010301674269
StateHoliday_0,0.0002847223839710034
StateHoliday_b,0.00010873168524858646
StateHoliday_c,4.535733859822866e-06
Date_year,0.0
Date_month,0.0
Date_day,0.0
Date_weekday,0.0
